id,intitule,description,dateCreation,dateActualisation,lieuTravail,romeCode,romeLibelle,appellationlibelle,entreprise,typeContrat,typeContratLibelle,natureContrat,experienceExige,experienceLibelle,formations,permis,competences,salaire,dureeTravailLibelle,dureeTravailLibelleConverti,alternance,contact,nombrePostes,accessibleTH,qualificationCode,qualificationLibelle,codeNAF,secteurActivite,secteurActiviteLibelle,origineOffre,offresManqueCandidats,deplacementCode,deplacementLibelle,qualitesProfessionnelles
165PTDQ,ASSISTANTE RESSOURCES HUMAINES(H/F) (H/F),"Notre agence recrute, un.e Assistant.e Ressources Humaines H/F en intérim pour l'un de ses clients basé à MONTPELLIER.

Vos missions si vous l'acceptez seront:

- Gestion de l'utilisation des intérimaires ( réception, contrôle, validation et transmissions des relevés d'heures);
- Aide à la saisie des données sur les logiciels 
- Préparer les réunions, 
- Mise/ amélioration des process

En ce qui concerne les horaires et le planning:

- travail du lundi au vendredi ( 8h30-12h 13h-16h30)
- Déplacement ponctuel possible

Et pour la rémunération:

- 14.20EUR brut de l'heure

Les avantages chez CRIT: 

- Prime de parrainage; 
- CET 5% à la demande; - 10% d'indemnité de fin de mission + 10% de congés payés ( à chaque fin de mission); 
- Acompte de paie à la semaine si besoin; 
- Dématérialisation de vos documents et contrats de mission; 
- Services dédiés aux intérimaires ( mutuelle, location de véhicule, logement, garde d'enfant, aide au permis...);
 - Accompagnement et suivi personnalisé en fonction de votre projet professionnel.",2023-11-29T18:15:18.000Z,2023-12-01T02:41:25.000Z,"{'libelle': '34 - MONTPELLIER', 'latitude': 43.610476, 'longitude': 3.87048, 'codePostal': '34000', 'commune': '34172'}",M1501,Assistanat en ressources humaines,Assistant / Assistante de gestion du personnel,"{'nom': 'CRIT INTERIM', 'entrepriseAdaptee': False}",MIS,Mission intérimaire - 3 Mois,Contrat travail,E,1 an,"[{'codeFormation': '33054', 'domaineLibelle': 'ressources humaines', 'niveauLibelle': 'Bac+3, Bac+4 ou équivalents', 'exigence': 'E'}]","[{'libelle': 'B - Véhicule léger', 'exigence': 'S'}]","[{'code': '100343', 'libelle': 'Législation sociale', 'exigence': 'S'}, {'code': '119324', 'libelle': 'Actualiser des processus, des méthodes et outils de gestion', 'exigence': 'S'}, {'code': '124607', 'libelle': 'Réaliser des déclarations réglementaires', 'exigence': 'S'}, {'libelle': 'Excel : très bonne maîtrise', 'exigence': 'E'}]","{'libelle': 'Horaire de 13,00 Euros à 16,00 Euros sur 12 mois'}",35H Travail en journée,Temps plein,False,"{'coordonnees1': 'http://app.mytalentplug.com/description-offre.aspx?ojid=UvWLpVhWqDzNNncnrdH5Qw==', 'urlPostulation': 'http://app.mytalentplug.com/description-offre.aspx?ojid=UvWLpVhWqDzNNncnrdH5Qw=='}",1,False,6,Employé qualifié,78.20Z,78,Activités des agences de travail temporaire,"{'origine': '1', 'urlOrigine': 'https://candidat.pole-emploi.fr/offres/recherche/detail/165PTDQ'}",False,,,
165PSWD,25819 - expert rh (H/F),"Le poste :
Votre agence PROMAN de BUSSY-SAINT-GEORGES recherche pour l'un de ces clients un EXPERT RH à Montevrain. Vous serez en charge de : - Pilotage et suivi des différents entretiens de recrutement - Appui apporté à la ligne managériale dans le domaine du recrutement - Diffusion des offres de recrutement Rémunération : 21.0300


Profil recherché :
- Ayant une experience similaire - Personne ponctuelle, assidu et dynamique 
Tous nos postes sont ouverts aux personnes en situation de handicap.",2023-11-29T18:00:58.000Z,2023-12-01T02:41:25.000Z,"{'libelle': '77 - MONTEVRAIN', 'latitude': 48.867479, 'longitude': 2.749623, 'codePostal': '77144', 'commune': '77307'}",M1503,Management des ressources humaines,Coordinateur / Coordinatrice ressources humaines,"{'nom': 'PROMAN', 'url': 'https://www.proman-emploi.fr/', 'entrepriseAdaptee': False}",MIS,Mission intérimaire - 4 Mois,Contrat travail,S,1 an,,,"[{'code': '100343', 'libelle': 'Législation sociale', 'exigence': 'S'}, {'code': '105672', 'libelle': 'Réaliser la gestion administrative du personnel', 'exigence': 'S'}, {'code': '118744', 'libelle': ""Participer à la définition des orientations stratégiques de l'entreprise"", 'exigence': 'S'}, {'code': '121641', 'libelle': 'Piloter des opérations liées à la gestion des emplois et des compétences', 'exigence': 'S'}]","{'libelle': 'Horaire de 21,03 Euros sur 12 mois'}",35H Travail en journée,Temps plein,False,"{'nom': 'PROMAN - M. PROMAN BUSSY-SAINT-GEORGES', 'coordonnees1': 'https://www.proman-emploi.fr/?job=MP839275&candidature&origine=POLE-EMPLOI-JTMO&utm_source=pole-emploi-jtmo&utm_medium=referral&utm_campaign=annonces-free&utm_term=offre', 'urlPostulation': 'https://www.proman-emploi.fr/?job=MP839275&candidature&origine=POLE-EMPLOI-JTMO&utm_source=pole-emploi-jtmo&utm_medium=referral&utm_campaign=annonces-free&utm_term=offre'}",1,False,5,Employé non qualifié,78.20Z,78,Activités des agences de travail temporaire,"{'origine': '1', 'urlOrigine': 'https://candidat.pole-emploi.fr/offres/recherche/detail/165PSWD'}",False,,,
165PSPM,Assistant Ressources Humaines (h/f),"Au sein d?Adecco, dans le cadre d?un remplacement de congé maternité, nous recrutons pour notre client de l?industrie un Assistant RH h/f.
 
Voilà ce que nous vous proposons :
 
Rattaché(e) au Responsable RH, vous serez en charge de la gestion administrative du personnel : contrats, dossiers de formation, gestion des absences, visites médicales, dossiers du personnel?

Titulaire d?une formation BAC+2 à BAC+3 dans le domaine des ressources humaines, vous possédez idéalement une première expérience en assistanat RH.
Vous serez amené(e)à travailler sur différents logiciels.
Bon relationnel, rigueur et travail d?équipe vous permettront de mener à bien vos missions.
 
Concrètement :
Contrat de 6 mois
Formation de 2 mois prévue en binôme
Salaire selon expérience
Mission secteur ST LO
 
Votre profil correspond à toutes ces attentes ? Alors n?hésitez plus, postulez en ligne ou sur l?appli adecco&moi !",2023-11-29T17:53:28.000Z,2023-12-01T02:41:25.000Z,"{'libelle': '50 - ST LO', 'latitude': 49.114316, 'longitude': -1.08196, 'codePostal': '50000', 'commune': '50502'}",M1501,Assistanat en ressources humaines,Assistant / Assistante ressources humaines,"{'nom': 'ADECCO FRANCE', 'description': ""Premier réseau d'agences d'emploi en France, Adecco a développé un savoir-faire unique de proximité et met toutes ses compétences à votre service.Nos équipes sont présentes sur tout le territoire, avec plus de 900 agences. Quel que soit le contrat que vous cherchez : CDI, CDD, Intérim, CDI Intérimaire, CDI Apprenant ou alternance, nos experts travaillent chaque jour, pour vous guider vers ce qui vous correspond. Dès maintenant, devenez acteur de votre vie !"", 'logo': 'https://entreprise.pole-emploi.fr/static/img/logos/ccCJ1rOjn0xPf3L3vdY3xEZCuIleuXqb.png', 'entrepriseAdaptee': False}",MIS,Mission intérimaire - 6 Mois,Contrat travail,D,Débutant accepté,,,"[{'code': '100343', 'libelle': 'Législation sociale', 'exigence': 'S'}, {'code': '119324', 'libelle': 'Actualiser des processus, des méthodes et outils de gestion', 'exigence': 'S'}, {'code': '124607', 'libelle': 'Réaliser des déclarations réglementaires', 'exigence': 'S'}, {'code': '300324', 'libelle': 'Concevoir des supports de suivi et de gestion', 'exigence': 'S'}]","{'commentaire': 'Salaire selon profil', 'complement1': 'Autre'}",35H Travail en journée,Temps plein,False,"{'nom': 'ADECCO FRANCE - Mme Sophie GERVAIS', 'coordonnees1': 'https://tnl2.jometer.com/v2/job?jz=5st1fddcd85439133bdb4ac0466566109863fAEADECAAAADAAAAAAAAAAAAAAAAIUKMGAI&utm_source=ADS&utm_medium=PoleEmplois&Source=30', 'urlPostulation': 'https://tnl2.jometer.com/v2/job?jz=5st1fddcd85439133bdb4ac0466566109863fAEADECAAAADAAAAAAAAAAAAAAAAIUKMGAI&utm_source=ADS&utm_medium=PoleEmplois&Source=30'}",1,False,6,Employé qualifié,78.20Z,78,Activités des agences de travail temporaire,"{'origine': '1', 'urlOrigine': 'https://candidat.pole-emploi.fr/offres/recherche/detail/165PSPM'}",False,,,
165PRXH,Gestionnaire administratif / administrative ressources humaines,"Si on vous disait qu'aujourd'hui il est possible de combiner innovation, performance, durabilité et plaisir ?

Rejoignez Leyton, cabinet de conseil international en forte croissance qui accompagne ses clients dans leur progrès durable en maximisant leur potentiel de développement et leur pérennité grâce à des solutions financières adaptées à leurs enjeux.

Prenez part au développement de leurs innovations, à leur efficience opérationnelle et à l'accélération de leur transition environnementale et énergétique - des économies d'énergie, à l'écoconception ou la compensation carbone.
Labellisé Great Place to Work, l'entreprenariat, l'ambition, l'agilité, la solidarité, le respect  et le plaisir sont les valeurs qui nous animent.

Dans un contexte de forte croissance, notre pôle Efficience, et plus particulièrement le service Gestion externalisée des absences et arrêts de travail (BPO), recrute pour son bureau de Lyon 3 Gestionnaires Administratifs H/F en CDI.

Prise de poste idéalement prévue courant décembre 2023.

Vous et vos atouts ?

De formation orientée administratif, paie ou RH (DUT, BTS..  ), vous êtes jeune diplômé(e) avec une première expérience et maîtrisez les outils bureautiques (pack Office, en particulier Excel). Les expériences au sein d'organismes de prévoyance, mutuelle, sécurité sociale, retraite, et autres seront particulièrement valorisées.

Vous avez le sens de la confidentialité, de la rigueur et de la réactivité, vous avez un goût prononcé pour les chiffres et faites preuve de fiabilité.

Vous aimez le travail en équipe et vous êtes reconnus pour votre pragmatisme et êtes sensible à la performance et la culture du résultat

Bonnes compétences rédactionnelles / relationnelles requises.


Retrouvez le détail des avantages offerts pour ce poste (rémunération, environnement de travail, politique télétravail...) en vous rendant directement sur notre site carrière en bas de page.",2023-11-29T17:34:13.000Z,2023-12-01T02:41:25.000Z,"{'libelle': '69 - LYON 06', 'latitude': 45.772489, 'longitude': 4.855804, 'codePostal': '69006', 'commune': '69386'}",M1501,Assistanat en ressources humaines,Gestionnaire administratif(ve) ressources humaines,"{'nom': 'LEYTON FRANCE', 'entrepriseAdaptee': False}",CDI,Contrat à durée indéterminée,Contrat travail,E,1 an,,,"[{'code': '100343', 'libelle': 'Législation sociale', 'exigence': 'S'}, {'code': '126131', 'libelle': ""Contrats d'externalisation de services"", 'exigence': 'E'}, {'code': '124607', 'libelle': 'Réaliser des déclarations réglementaires', 'exigence': 'E'}, {'libelle': 'saisie sur EXCEL', 'exigence': 'E'}]","{'libelle': 'Annuel de 24000,00 Euros à 26500,00 Euros sur 12 mois', 'complement1': 'Primes', 'complement2': 'Participation/action'}",35H Travail en journée,Temps plein,False,"{'coordonnees1': 'https://careersfr-leyton.icims.com/jobs/1513/gestionnaire-administratif-gestion-des-absences-relations-cpam-lyon-h-f/job?mode=view', 'urlPostulation': 'https://careersfr-leyton.icims.com/jobs/1513/gestionnaire-administratif-gestion-des-absences-relations-cpam-lyon-h-f/job?mode=view'}",3,False,6,Employé qualifié,70.22Z,70,Conseil pour les affaires et autres conseils de gestion,"{'origine': '1', 'urlOrigine': 'https://candidat.pole-emploi.fr/offres/recherche/detail/165PRXH'}",False,1,Jamais,"[{'libelle': 'Travailler en équipe', 'description': ""Capacité à travailler et à se coordonner avec les autres au sein de l'entreprise pour réaliser les objectifs fixés.""}, {'libelle': ""Être à l'écoute, faire preuve d'empathie"", 'description': ""Capacité à écouter activement, réceptionner des informations et messages, faire preuve d'ouverture d'esprit et de diplomatie.""}, {'libelle': 'Faire preuve de rigueur et de précision', 'description': ""Capacité à réaliser des tâches en suivant avec exactitude les règles, les procédures, les instructions qui ont été fournies, sans réaliser d'erreur et à transmettre clairement des informations. Se montrer ponctuel et respectueux des règles de savoir-vivre usuelles.""}]"
165PRNR,Assistant paie et RH (H/F),"L'Association ASPEC est gestionnaire d'établissements et services médico-sociaux spécialisés dans l'accueil et l'accompagnement de personnes en situation de handicap, souffrant d'épilepsie sévère ou de lésions cérébrales.

Nous recherchons notre nouveau collaborateur(trice) au poste d'Assistant(e) de paie et ressources humaines H/F en CDD 5 MOIS.

Rattaché(e) hiérarchiquement et fonctionnellement à la direction générale et au DAF, vous exercez une fonction RH en l'absence de la chargée des ressources humaines qui sera en formation 2 jours par semaines.

Vos missions: 

- Visites médicales 
- Suivi disciplinaire 
- Contrat de travail en binôme avec la Gestionnaire RH et au service paie
- Participation au recrutement
- Participation à l'organisation et au suivi des élections professionnelles CSE
- Participer au suivi du plan de développement des compétences.

Sur les 3 autres jours de la semaine, vous serez rattaché(é) au service paie en renfort sur la mise en place d'un nouveau SIRH / paie.

Vos missions: 

- Saisie des variables de la paie
- Alimenter les bases de données RH 
- Saisie de la paie en double avant déploiement sur nouveau logiciel paie
- Participer au suivi des différents étapes du projet 
- Vérifier la qualité des données, analyser les écarts
- Tester les nouvelles fonctionnalités
- Contribuer à la rédaction des procédures, supports utilisateurs.

Conditions du poste :

Diplôme : BAC+2 minimum RH / paie
Disponibilité : dès que possible 
Statut : CDD 5 MOIS.
Horaires : 
- Lundi au jeudi 9h 12h15- 13h 17h
- Vendredi 9h 12h15- 13h 16h
Restauration possible sur place.
Salaire : Selon profil et grille de la CCN 66.",2023-11-29T17:22:38.000Z,2023-11-29T17:22:39.000Z,"{'libelle': '61 - MORTAGNE AU PERCHE', 'latitude': 48.520689, 'longitude': 0.560368, 'codePostal': '61400', 'commune': '61293'}",M1203,Comptabilité,Assistant / Assistante paie,"{'nom': 'ASSOCIATION ASPEC', 'description': 'Public accueilli : personnes épileptiques avec déficience moyenne et sévère.', 'url': 'https://assoaspec.fr/', 'entrepriseAdaptee': False}",CDD,Contrat à durée déterminée - 5 Mois,Contrat travail,E,2 ans,"[{'codeFormation': '33054', 'domaineLibelle': 'ressources humaines', 'niveauLibelle': 'Bac+2 ou équivalents', 'commentaire': 'RH ou Comptabilité ou GEA', 'exigence': 'E'}]",,"[{'code': '120886', 'libelle': 'Logiciels comptables', 'exigence': 'S'}, {'code': '113782', 'libelle': 'Établir un contrat de travail', 'exigence': 'E'}, {'code': '123912', 'libelle': 'Préparer les éléments constitutifs de la paie', 'exigence': 'E'}, {'code': '300306', 'libelle': 'Gérer la paie', 'exigence': 'S'}]","{'commentaire': 'CCN 66', 'complement1': 'Autre'}",35H Travail en journée,Temps plein,False,"{'nom': 'ASSOCIATION ASPEC - Mme Lola Ledrait', 'coordonnees1': 'Pour postuler, utiliser le lien suivant : https://candidat.pole-emploi.fr/offres/recherche/detail/165PRNR', 'courriel': 'Pour postuler, utiliser le lien suivant : https://candidat.pole-emploi.fr/offres/recherche/detail/165PRNR'}",1,False,6,Employé qualifié,88.10C,88,Aide par le travail,"{'origine': '1', 'urlOrigine': 'https://candidat.pole-emploi.fr/offres/recherche/detail/165PRNR'}",False,1,Jamais,"[{'libelle': 'Travailler en équipe', 'description': ""Capacité à travailler et à se coordonner avec les autres au sein de l'entreprise pour réaliser les objectifs fixés.""}, {'libelle': 'Organiser son travail selon les priorités et les objectifs', 'description': 'Capacité à planifier, prioriser, anticiper des actions, en tenant compte des moyens, des ressources, des objectifs et du calendrier pour les réaliser.'}, {'libelle': 'Faire preuve de rigueur et de précision', 'description': ""Capacité à réaliser des tâches en suivant avec exactitude les règles, les procédures, les instructions qui ont été fournies, sans réaliser d'erreur et à transmettre clairement des informations. Se montrer ponctuel et respectueux des règles de savoir-vivre usuelles.""}]"
165PQSQ,Assistant(e) RH - Formation (H/F),"Intégrer TSO, c'est rejoindre une filiale du Groupe NGE en plein essor spécialisée dans les travaux ferroviaires. Capitalisant sur une expertise acquise depuis plus de 90 ans, TSO et ses filiales rayonnent en France et à l'international. 

Dans le cadre du renforcement de notre service formation, nous recherchons un(e) Assistant(e) RH.
A ce titre vos missions seront les suivantes :

- Saisie des bons de commande ACTIF & suivi de la facturation
- Vérification de la conformité et de la présence des documents formation dans les dossiers
- Relance des organismes de formation en cas de documents manquants
- Envoi des conventions de formation & enregistrement de celles-ci
- Envoi des attestations post-formation et enregistrement dans les dossiers du personnel « passeports compétences »
- Participation à la gestion administrative de l'alternance
- Dématérialisation des dossiers de formation",2023-11-29T17:01:01.000Z,2023-12-01T02:41:25.000Z,"{'libelle': '77 - CHELLES', 'latitude': 48.88646, 'longitude': 2.600366, 'codePostal': '77500', 'commune': '77108'}",M1501,Assistanat en ressources humaines,Assistant / Assistante de service formation,"{'nom': 'TSO', 'entrepriseAdaptee': False}",CDI,Contrat à durée indéterminée,Contrat travail,E,1 an,"[{'codeFormation': '35014', 'domaineLibelle': 'secrétariat assistanat ressources humaines', 'niveauLibelle': 'Bac ou équivalent', 'exigence': 'S'}]",,"[{'code': '119324', 'libelle': 'Actualiser des processus, des méthodes et outils de gestion', 'exigence': 'S'}, {'code': '124377', 'libelle': ""Assurer la gestion administrative d'une activité"", 'exigence': 'S'}, {'code': '126390', 'libelle': 'Suivre des actions de formation, de mobilité ou de reclassement', 'exigence': 'S'}, {'code': '300253', 'libelle': 'Contrôler la conformité des données ou des documents', 'exigence': 'S'}]","{'libelle': 'Mensuel de 2200,00 Euros à 2300,00 Euros sur 12 mois', 'complement1': 'CE', 'complement2': 'Participation/action'}",35H Travail en journée,Temps plein,False,{},1,False,6,Employé qualifié,42.12Z,42,Construction de voies ferrées de surface et souterraines,"{'origine': '1', 'urlOrigine': 'https://candidat.pole-emploi.fr/offres/recherche/detail/165PQSQ'}",False,1,Jamais,"[{'libelle': 'Travailler en équipe', 'description': ""Capacité à travailler et à se coordonner avec les autres au sein de l'entreprise pour réaliser les objectifs fixés.""}, {'libelle': ""Être à l'écoute, faire preuve d'empathie"", 'description': ""Capacité à écouter activement, réceptionner des informations et messages, faire preuve d'ouverture d'esprit et de diplomatie.""}, {'libelle': 'Faire preuve de rigueur et de précision', 'description': ""Capacité à réaliser des tâches en suivant avec exactitude les règles, les procédures, les instructions qui ont été fournies, sans réaliser d'erreur et à transmettre clairement des informations. Se montrer ponctuel et respectueux des règles de savoir-vivre usuelles.""}]"
165PMSN,Chargé de recrutement/RH sur site industriel (H/F),"Être responsable de compte chez nous, c'est vivre des journées riches en échanges et être un véritable caméléon, capable de s'adapter à n'importe quelle situation au bureau comme sur le terrain :

Vous organisez et animez des sessions de recrutement collectives,
Vous accueillez vos nouveaux talents et vous vous assurez qu'ils soient bien équipés pour travailler en toute sécurité. 
Vous gérez la planification, la formation et la montée en compétence de vos talents. Mais surtout vous restez à l'écoute et savez laisser place à votre imagination pour organiser de beaux événements !
Vous gérez l'aspect RH et administratif de l'agence (contrats, visites médicales, paies...) indispensable à la bonne marche de l'activité 
Vous tissez des liens avec votre client, pour établir une véritable relation de confiance et de proximité. 

Le petit (ou plutôt grand) plus : un process d'intégration personnalisé vous attend. Au programme : un parcours de formation pour vous faire monter en compétences et un accompagnement au quotidien qui vous permet de réaliser un démarrage dans les meilleures conditions. (sans parler de vos collègues qui seront toujours dans le coin pour partager avec vous leur expertise). 
 
LE BON PROFIL CHEZ NOUS C'EST PEUT-ÊTRE LE VÔTRE   
un Bac+2 en RH, une expérience sur un poste de recruteur, de RH et/ou de manager 

Ce qui compte le plus pour nous, c'est votre personnalité : votre esprit d'équipe et d'entraide, votre sens du relationnel, votre dynamisme, votre curiosité, votre envie d'apprendre et votre empathie. Car c'est ce qui nous anime et nous booste au quotidien.
Et bien sûr (ça nous semble tellement évident qu'on aurait presque oublié de l'écrire !) ce poste est ouvert aux personnes en situation de handicap",2023-11-29T16:05:26.000Z,2023-12-01T02:41:25.000Z,"{'libelle': '61 - CALIGNY', 'latitude': 48.8043, 'longitude': -0.602272, 'codePostal': '61100', 'commune': '61070'}",M1502,Développement des ressources humaines,Chargé / Chargée de recrutement,"{'nom': 'GROUPE RANDSTAD FRANCE', 'description': 'Spécialiste des services en Ressources Humaines, le groupe Randstad France intervient sur toutes les étapes de la vie professionnelle: recrutement, intégration, management, formation et mobilité.', 'url': 'http://www.grouperandstad.fr/', 'entrepriseAdaptee': False}",CDI,Contrat à durée indéterminée,Contrat travail,E,1 an,"[{'codeFormation': '33054', 'domaineLibelle': 'ressources humaines', 'niveauLibelle': 'Bac+2 ou équivalents', 'exigence': 'S'}]","[{'libelle': 'B - Véhicule léger', 'exigence': 'S'}]","[{'code': '100541', 'libelle': 'Techniques de communication orales, écrites et numériques', 'exigence': 'E'}, {'code': '109565', 'libelle': ""Analyser les besoins de l'entreprise en formation, en recrutement et en mobilité professionnelle"", 'exigence': 'E'}, {'code': '119735', 'libelle': 'Conseiller des entreprises', 'exigence': 'E'}, {'code': '300004', 'libelle': 'Recruter et intégrer une personne', 'exigence': 'E'}]","{'libelle': 'Mensuel de 2000,00 Euros à 2333,00 Euros sur 12 mois', 'complement1': 'Chèque repas', 'complement2': 'CE'}",39H Travail en journée,Temps plein,False,"{'nom': 'GROUPE RANDSTAD FRANCE - Mme Johanna Charles', 'coordonnees1': 'http://ris.my.salesforce-sites.com/Candidat/Nouveau_Candidat?id=a0U6M000015RMJn', 'urlPostulation': 'http://ris.my.salesforce-sites.com/Candidat/Nouveau_Candidat?id=a0U6M000015RMJn'}",1,False,8,Agent de maîtrise,70.10Z,70,Activités des sièges sociaux,"{'origine': '1', 'urlOrigine': 'https://candidat.pole-emploi.fr/offres/recherche/detail/165PMSN'}",False,,,"[{'libelle': 'Faire preuve de réactivité', 'description': ""Capacité à réagir rapidement face à des évènements et à des imprévus, en hiérarchisant les actions, en fonction de leur degré d'urgence / d'importance.""}, {'libelle': ""Être à l'écoute, faire preuve d'empathie"", 'description': ""Capacité à écouter activement, réceptionner des informations et messages, faire preuve d'ouverture d'esprit et de diplomatie.""}, {'libelle': 'Faire preuve de rigueur et de précision', 'description': ""Capacité à réaliser des tâches en suivant avec exactitude les règles, les procédures, les instructions qui ont été fournies, sans réaliser d'erreur et à transmettre clairement des informations. Se montrer ponctuel et respectueux des règles de savoir-vivre usuelles.""}]"
165PMMY,Assistant ressources humaines (F/H),"Nous recherchons pour le compte de notre client, un Assistant RH (F/H).

En binôme auprès d'une autre personne, vous intervenez sur des tâches en RH polyvalent :

- Suivi recrutement
- Dossier embauche
- Suivi des entretiens individuels et analyse
- Reporting
- Dossiers IRP / CSE / Accords
- Relation Médecin du Travail
- Suivi Formation et logistique de la formation
- Classement
- Remise en ordre des dossiers RH notamment contentieux ou maladies professionnelles
- Attestations / courriers
- Relations avec l'extérieur, salariés et managers.

Ce poste, basé à VITROLLES est à pourvoir dans le cadre d'une mission d'une durée de 3 mois minimum.

La rémunération brute annuelle est à négocier selon votre expérience.

De formation Bac+2 en Ressources Humaines, vous justifiez d'une expérience de 2 années minimum sur des fonctions similaires.

De nature calme et discrète, vous êtes rompu à la confidentialité. Vous êtes sociable et êtes doté d'empathie.
Vous êtes reconnu pour être une personne de confiance et avez le sens du service clients.",2023-11-29T16:01:58.000Z,2023-11-30T14:30:13.000Z,"{'libelle': '13 - VITROLLES', 'latitude': 43.443845, 'longitude': 5.258646, 'codePostal': '13127', 'commune': '13117'}",M1501,Assistanat en ressources humaines,Assistant / Assistante de gestion du personnel,"{'nom': 'JBM BUREAU MEDICAL', 'description': ""Expectra, leader en France de l'intérim spécialisé et du recrutement en CDI de cadres et agents de maîtrise.\nLes consultants du Département RH & Juridique vous proposent des opportunités de carrière."", 'logo': 'https://entreprise.pole-emploi.fr/static/img/logos/l0Rt2BWxYEI1lep85WWYIHEZ2q2uSJlm.png', 'entrepriseAdaptee': False}",MIS,Mission intérimaire - 3 Mois,Contrat travail,E,2 ans,"[{'codeFormation': '35014', 'domaineLibelle': 'secrétariat assistanat ressources humaines', 'niveauLibelle': 'Bac+2 ou équivalents', 'exigence': 'S'}]",,"[{'code': '100343', 'libelle': 'Législation sociale', 'exigence': 'S'}, {'code': '119324', 'libelle': 'Actualiser des processus, des méthodes et outils de gestion', 'exigence': 'S'}, {'code': '124607', 'libelle': 'Réaliser des déclarations réglementaires', 'exigence': 'S'}]","{'libelle': 'Annuel de 24000,00 Euros sur 12 mois'}",35H Travail en journée,Temps plein,False,"{'nom': ""JBM BUREAU MEDICAL - Mme Fiona D'ANGELO"", 'coordonnees1': 'https://www.expectra.fr/offre/307-O41-0002823_01C/A?utm_source=pole-emploi&utm_medium=jobboard&utm_campaign=offres', 'urlPostulation': 'https://www.expectra.fr/offre/307-O41-0002823_01C/A?utm_source=pole-emploi&utm_medium=jobboard&utm_campaign=offres'}",1,False,6,Employé qualifié,78.20Z,78,Activités des agences de travail temporaire,"{'origine': '1', 'urlOrigine': 'https://candidat.pole-emploi.fr/offres/recherche/detail/165PMMY'}",False,,,
165PMGN,Gestionnaire RH Paie (H/F),"Le rectorat de Poitiers recherche un(e) Gestionnaire RH Paie H/F pour travailler au sein de son académie. 

Vous intégrez une équipe de 6 personnes dont la mission est la gestion du personnel enseignants pour les établissement scolaires privés.

Sous la responsabilité de la cheffe d'équipe, vos activités sont :
- d'assurer la gestion administrative du personnel : DPAE, élaboration des contrats de travail, gestion des absences, des temps partiel, suivi des variables de paie )
- de gérer les remplacements d'enseignants en lien avec les établissements scolaires 
- de renseigner les données dans les différents tableaux de bord RH / SIRH

Vous serez en relation quotidienne avec les établissements scolaires, les agents de votre périmètre et les organismes externes (cpam...).

De formation Bac + 2/3 en RH ou équivalent, vous avez les notions fondamentales en GRH.
Vous savez instruire un dossier/ une situation en veillant au respect des procédures et des règles juridiques.
Vous maîtriser le pack office et êtes à l'aise avec l'utilisation de plusieurs logiciels/applications de manière simultanée.

Vous savez gérer les priorités et évaluer les niveaux d'urgence. 
Vous êtes proactif -ive.
Première expérience (stage long/ alternance / reconversion) RH accepté.

Le poste est à pourvoir dès que possible jusqu'au 31/08/2024.",2023-11-29T15:57:38.000Z,2023-12-01T09:56:14.000Z,"{'libelle': '86 - POITIERS', 'latitude': 46.586616, 'longitude': 0.356849, 'codePostal': '86000', 'commune': '86194'}",M1501,Assistanat en ressources humaines,Gestionnaire paie et administration du personnel,"{'nom': ""RECTORAT DE L'ACADEMIE DE POITIERS"", 'entrepriseAdaptee': False}",CDD,Contrat à durée déterminée - 9 Mois,Contrat travail,E,12 mois,,,,"{'commentaire': 'A partir de 1775 € brut mensuel,', 'complement1': 'Autre'}",35H Travail en journée,Temps plein,False,"{'nom': ""RECTORAT DE L'ACADEMIE DE POITIERS - Mme Vanessa OUVRARD"", 'coordonnees1': 'Pour postuler, utiliser le lien suivant : https://candidat.pole-emploi.fr/offres/recherche/detail/165PMGN', 'courriel': 'Pour postuler, utiliser le lien suivant : https://candidat.pole-emploi.fr/offres/recherche/detail/165PMGN'}",1,False,5,Employé non qualifié,84.12Z,84,"Administration publique (tutelle) de la santé, de la formation, de la culture et des services sociaux, autre que sécurité sociale","{'origine': '1', 'urlOrigine': 'https://candidat.pole-emploi.fr/offres/recherche/detail/165PMGN'}",False,,,"[{'libelle': 'Organiser son travail selon les priorités et les objectifs', 'description': 'Capacité à planifier, prioriser, anticiper des actions, en tenant compte des moyens, des ressources, des objectifs et du calendrier pour les réaliser.'}, {'libelle': 'Faire preuve de rigueur et de précision', 'description': ""Capacité à réaliser des tâches en suivant avec exactitude les règles, les procédures, les instructions qui ont été fournies, sans réaliser d'erreur et à transmettre clairement des informations. Se montrer ponctuel et respectueux des règles de savoir-vivre usuelles.""}]"
165PMBP,Assistant(e) Ressources Humaines (H/F),"L'ENTREPRISE :
VIA Formation, entité du Groupe IRFA Formation, spécialiste de la formation depuis plus de 25 ans se distingue par sa proximité, sa démarche qualité reconnue et sa recherche d'innovation permanente. En mettant continuellement en place des méthodes pédagogiques innovantes, l'organisme permet d'assurer des formations de qualité.

Dans le cadre de la structuration du service et pour accompagner la croissance du Groupe, nous sommes à la recherche d'un(e) Assistant(e) Ressources Humaines (H/F). 

Le poste est à pourvoir sur notre site de Hérouville-St-Clair, en CDD à temps complet, du 15 janvier 2024 au 31 décembre 2024.

Nous sommes ouverts, à compétences égales, à toutes candidatures, dont celles de personnes en situation de handicap.


VOS MISSIONS PRINCIPALES :

- Suivre le temps de travail - du prévisionnel au réalisé
- Suivre mensuellement des indicateurs RH, tableaux de bord
- Contribuer à la formulation des réponses apportées aux DREETS, URSSAF, médecine du travail...
- Rédaction de contrat
- DPAE
- Suivre des visites médicales
- Accueil des nouveaux salariés
- Organiser le planning et le suivi des entretiens professionnels
- Répondre aux demandes des salariés
- Accompagner l'intégration des nouveaux salariés


VOTRE PROFIL : 

- De formation BAC+3
- Vous maîtrisez les outils de bureautique : Word, Excel, PowerPoint, suite Google
- Vous avez le sens de l'organisation et de la rigueur
- Vous êtes autonome et appréciez le travail d'équipe

Qualités personnelles :
- Vous êtes doté(e) d'un excellent relationnel, 
- Vous êtes force de proposition, 
- Vous êtes autonome, vous avez l'esprit d'équipe,
- Vous avez de bonnes qualité rédactionnelles et d'une bonne aisance numérique

Ce poste demande une grande polyvalence ainsi qu'une grande capacité d'adaptation
Statut du poste : non-cadre du secteur privé

LIEU DE TRAVAIL : Hérouville St Clair (14)

TEMPS DE TRAVAIL : 35H

RÉMUNÉRATION : Palier 9 de la convention collective des OF, à partir de 23 983,59€ annuels bruts 

AVANTAGES : Intéressement/participation (à partir de 3 mois d'ancienneté et en fonction des résultats de l'entreprise), RTT",2023-11-29T15:54:14.000Z,2023-12-01T11:03:50.000Z,"{'libelle': '14 - HEROUVILLE ST CLAIR', 'latitude': 49.203924, 'longitude': -0.335042, 'codePostal': '14200', 'commune': '14327'}",M1501,Assistanat en ressources humaines,Assistant / Assistante ressources humaines,"{'nom': 'VIA FORMATION', 'description': ""Via Formation, organisme de formation continue créé en 1994. Via formation accompagne les individus (salariés et demandeurs d'emploi), les entreprises dans les phases de transitions professionnelles par le biais d'actions de formation de qualification, de remobilisation et de retour à l'emploi. Via formation est une entreprise handi-accueillante, certifié ISO 9001-2008."", 'url': 'http://www.viaformation.fr/', 'entrepriseAdaptee': False}",CDD,Contrat à durée déterminée - 12 Mois,Contrat travail,E,2 mois,,,"[{'code': '100343', 'libelle': 'Législation sociale', 'exigence': 'S'}, {'code': '119324', 'libelle': 'Actualiser des processus, des méthodes et outils de gestion', 'exigence': 'S'}, {'code': '124607', 'libelle': 'Réaliser des déclarations réglementaires', 'exigence': 'S'}, {'code': '300324', 'libelle': 'Concevoir des supports de suivi et de gestion', 'exigence': 'S'}]","{'libelle': 'Annuel de 23983,58 Euros à 23983,59 Euros sur 12 mois'}",35H Travail en journée,Temps plein,False,"{'nom': 'VIA FORMATION - Mme Anne-Marie BERARDI', 'coordonnees1': 'Pour postuler, utiliser le lien suivant : https://candidat.pole-emploi.fr/offres/recherche/detail/165PMBP', 'courriel': 'Pour postuler, utiliser le lien suivant : https://candidat.pole-emploi.fr/offres/recherche/detail/165PMBP'}",1,False,6,Employé qualifié,85.59A,85,Formation continue d'adultes,"{'origine': '1', 'urlOrigine': 'https://candidat.pole-emploi.fr/offres/recherche/detail/165PMBP'}",False,,,
